{
   "empirical": {
      "gbytes": {
         "data": [
            [
               "L1", 
               272.45
            ], 
            [
               "DRAM", 
               68.16
            ]
         ], 
         "metadata": {
            "TIMESTAMP_DATA": 1566873471.31, 
            "FLOPS": 1, 
            "TIMESTAMP_DB": 1566879697.586784
         }
      }, 
      "gflops": {
         "data": [
            [
               "FP64 GFLOPs", 
               306.79
            ]
         ], 
         "metadata": {
            "TIMESTAMP_DATA": 1566878519.5, 
            "FLOPS": 1024, 
            "TIMESTAMP_DB": 1566879697.586596
         }
      }, 
      "metadata": {
         "ERT_VERSION": "1.1.0", 
         "HOSTNAME": [
            "iris03.ftm.alcf.anl.gov", 
            [], 
            [
               "10.17.6.153"
            ]
         ], 
         "LOCAL_SIZE": 32, 
         "UNAME": [
            "Linux", 
            "iris03.ftm.alcf.anl.gov", 
            "4.20.3-1.el7.elrepo.x86_64", 
            "#1 SMP Wed Jan 16 19:37:14 EST 2019", 
            "x86_64", 
            "x86_64"
         ], 
         "GLOBAL_SIZE": 8064, 
         "CONFIG": {
            "ERT_WORKING_SET_MIN": [
               "128"
            ], 
            "ERT_CFLAGS": [
               "-O3", 
               "-x", 
               "c++", 
               "-std=c++11"
            ], 
            "ERT_CC": [
               "icpc"
            ], 
            "ERT_HIP": [
               false
            ], 
            "ERT_MEMORY_MAX": [
               "4737418240"
            ], 
            "ERT_LDFLAGS": [], 
            "ERT_LDLIBS": [
               "-lOpenCL"
            ], 
            "ERT_RUN": [
               "./ERT_CODE"
            ], 
            "ERT_OCL": [
               "True"
            ], 
            "ERT_OCL_SIZES": [
               "8064:32"
            ], 
            "ERT_FLOPS": [
               "1,2,4,8,16,32,64,128,256,512,1024"
            ], 
            "ERT_MPI": [
               false
            ], 
            "ERT_TRIALS_MIN": [
               "1"
            ], 
            "ERT_DRIVER": [
               "driver1"
            ], 
            "ERT_RESULTS": [
               "Results.iris2"
            ], 
            "ERT_OPENMP": [
               false
            ], 
            "ERT_KERNEL": [
               "kernel1.cl"
            ], 
            "ERT_GPU": [
               false
            ], 
            "ERT_LD": [
               "icpc"
            ], 
            "ERT_NUM_EXPERIMENTS": [
               "1"
            ], 
            "ERT_PRECISION": [
               "FP64"
            ], 
            "ERT_ALIGN": [
               "128"
            ], 
            "ERT_GNUPLOT": [
               "gnuplot"
            ]
         }
      }
   }, 
   "spec": {
      "gbytes": {
         "data": []
      }, 
      "gflops": {
         "data": []
      }
   }
}