{
   "empirical": {
      "gbytes": {
         "data": [
            [
               "L1", 
               269.46
            ], 
            [
               "L2", 
               66.95
            ], 
            [
               "L3", 
               44.57
            ], 
            [
               "DRAM", 
               25.26
            ]
         ], 
         "metadata": {
            "TIMESTAMP_DATA": [
               1566954484.44, 
               1566954627.98, 
               1566954556.21
            ], 
            "FLOPS": 2, 
            "TIMESTAMP_DB": 1566958477.050001
         }
      }, 
      "gflops": {
         "data": [
            [
               "FP64 GFLOPs", 
               302.05
            ]
         ], 
         "metadata": {
            "TIMESTAMP_DATA": [
               1566957383.3, 
               1566958111.93, 
               1566957747.26
            ], 
            "FLOPS": 512, 
            "TIMESTAMP_DB": 1566958477.049768
         }
      }, 
      "metadata": {
         "ERT_VERSION": "1.1.0", 
         "WGSIZE": 32, 
         "OPENCL_GLOBAL_SIZE": 32, 
         "HOSTNAME": [
            "iris03.ftm.alcf.anl.gov", 
            [], 
            [
               "10.17.6.153"
            ]
         ], 
         "OPENCL_LOCAL_SIZE": 8064, 
         "UNAME": [
            "Linux", 
            "iris03.ftm.alcf.anl.gov", 
            "4.20.3-1.el7.elrepo.x86_64", 
            "#1 SMP Wed Jan 16 19:37:14 EST 2019", 
            "x86_64", 
            "x86_64"
         ], 
         "CONFIG": {
            "ERT_WORKING_SET_MIN": [
               "128"
            ], 
            "ERT_CFLAGS": [
               "-O3", 
               "-x", 
               "c++", 
               "-std=c++11"
            ], 
            "ERT_CC": [
               "g++"
            ], 
            "ERT_SPEC_GBYTES_L3": [
               "100"
            ], 
            "ERT_SPEC_GBYTES_L2": [
               "400"
            ], 
            "ERT_SPEC_GBYTES_L1": [
               "662"
            ], 
            "ERT_FLOPS": [
               "1,2,4,8,16,32,64,128,256,512"
            ], 
            "ERT_HIP": [
               false
            ], 
            "ERT_MEMORY_MAX": [
               "2737418240"
            ], 
            "ERT_LDFLAGS": [], 
            "ERT_LDLIBS": [
               "-lOpenCL"
            ], 
            "ERT_SPEC_GBYTES_DRAM": [
               "34"
            ], 
            "ERT_RUN": [
               "./ERT_CODE"
            ], 
            "ERT_OCL": [
               "True"
            ], 
            "ERT_GPU_THREADS": [
               "32"
            ], 
            "ERT_SPEC_GFLOPS": [
               "331"
            ], 
            "ERT_MPI": [
               false
            ], 
            "ERT_TRIALS_MIN": [
               "1"
            ], 
            "ERT_DRIVER": [
               "driver1-ocl"
            ], 
            "ERT_RESULTS": [
               "apps.wg.meeting"
            ], 
            "ERT_BLOCKS_THREADS": [
               "8064"
            ], 
            "ERT_PRECISION": [
               "FP64"
            ], 
            "ERT_KERNEL": [
               "kernel1.cl"
            ], 
            "ERT_OPENMP": [
               false
            ], 
            "ERT_LD": [
               "g++"
            ], 
            "ERT_NUM_EXPERIMENTS": [
               "3"
            ], 
            "ERT_GPU": [
               false
            ], 
            "ERT_ALIGN": [
               "32"
            ], 
            "ERT_GNUPLOT": [
               "gnuplot"
            ], 
            "ERT_GPU_BLOCKS": [
               "252"
            ]
         }
      }
   }, 
   "spec": {
      "gbytes": {
         "data": [
            [
               "L2", 
               400.0
            ], 
            [
               "L1", 
               662.0
            ], 
            [
               "DRAM", 
               34.0
            ], 
            [
               "L3", 
               100.0
            ]
         ]
      }, 
      "gflops": {
         "data": [
            [
               "GFLOPs", 
               331.0
            ]
         ]
      }
   }
}