{
   "empirical": {
      "gbytes": {
         "data": [
            [
               "L1", 
               11658.87
            ], 
            [
               "L2", 
               4577.38
            ], 
            [
               "DRAM", 
               212.16
            ]
         ], 
         "metadata": {
            "TIMESTAMP_DATA": [
               1566835448.87, 
               1566835453.03, 
               1566835455.13, 
               1566835457.2, 
               1566835450.96
            ], 
            "FLOPS": 4, 
            "TIMESTAMP_DB": 1566836217.654903
         }
      }, 
      "gflops": {
         "data": [
            [
               "FP32 GFLOPs", 
               7289.96
            ]
         ], 
         "metadata": {
            "TIMESTAMP_DATA": [
               1566835493.4, 
               1566835485.04, 
               1566835491.3, 
               1566835489.21, 
               1566835487.12
            ], 
            "FLOPS": 8, 
            "TIMESTAMP_DB": 1566836217.654551
         }
      }, 
      "metadata": {
         "ERT_VERSION": "1.1.0", 
         "HOSTNAME": [
            "skylake07.ftm.alcf.anl.gov", 
            [], 
            [
               "10.17.6.144"
            ]
         ], 
         "OPENMP_THREADS": 8, 
         "UNAME": [
            "Linux", 
            "skylake07.ftm.alcf.anl.gov", 
            "3.10.0-862.14.4.el7.x86_64", 
            "#1 SMP Fri Sep 21 09:07:21 UTC 2018", 
            "x86_64", 
            "x86_64"
         ], 
         "CONFIG": {
            "ERT_WORKING_SET_MIN": [
               "128"
            ], 
            "ERT_CFLAGS": [
               "-O3", 
               "-fno-alias", 
               "-fno-fnalias", 
               "-xCore-AVX512", 
               "-qopt-zmm-usage=high", 
               "-DERT_INTEL"
            ], 
            "ERT_CC": [
               "mpiicc"
            ], 
            "ERT_HIP": [
               false
            ], 
            "ERT_MPI_CFLAGS": [
               "-I", 
               "/packages/intel/18/linux/mpi/intel64/include/"
            ], 
            "ERT_MPI_LDFLAGS": [
               "-L", 
               "/packages/intel/18/linux/mpi/intel64/lib", 
               "-lmpi"
            ], 
            "ERT_MEMORY_MAX": [
               "1073741824"
            ], 
            "ERT_PROCS_THREADS": [
               "112"
            ], 
            "ERT_LDFLAGS": [], 
            "ERT_LDLIBS": [], 
            "ERT_RUN": [
               "export", 
               "OMP_NUM_THREADS=ERT_OPENMP_THREADS;", 
               "export", 
               "OMP_PROC_BIND=spread;", 
               "export", 
               "OMP_PLACES=threads;", 
               "mpirun", 
               "-np", 
               "ERT_MPI_PROCS", 
               "ERT_CODE"
            ], 
            "ERT_OCL": [
               false
            ], 
            "ERT_FLOPS": [
               "1,2,4,8,16,64,128,256,512,1024"
            ], 
            "ERT_OPENMP_CFLAGS": [
               "-qopenmp"
            ], 
            "ERT_MPI": [
               "True"
            ], 
            "ERT_TRIALS_MIN": [
               "1"
            ], 
            "ERT_DRIVER": [
               "driver1"
            ], 
            "ERT_RESULTS": [
               "Results.skylake"
            ], 
            "ERT_OPENMP": [
               "True"
            ], 
            "ERT_MPI_PROCS": [
               "14,28,56"
            ], 
            "ERT_KERNEL": [
               "kernel1"
            ], 
            "ERT_PRECISION": [
               "FP32"
            ], 
            "ERT_OPENMP_THREADS": [
               "1-112"
            ], 
            "ERT_LD": [
               "mpiicc"
            ], 
            "ERT_NUM_EXPERIMENTS": [
               "5"
            ], 
            "ERT_OPENMP_LDFLAGS": [
               "-qopenmp"
            ], 
            "ERT_GPU": [
               false
            ], 
            "ERT_ALIGN": [
               "64"
            ], 
            "ERT_GNUPLOT": [
               "gnuplot"
            ]
         }, 
         "MPI_PROCS": 14
      }
   }, 
   "spec": {
      "gbytes": {
         "data": []
      }, 
      "gflops": {
         "data": []
      }
   }
}