{
   "empirical": {
      "gbytes": {
         "data": [
            [
               "L1", 
               3348.47
            ], 
            [
               "DRAM", 
               778.43
            ]
         ], 
         "metadata": {
            "TIMESTAMP_DATA": 1566787543.94, 
            "GPU_THREADS": 1024, 
            "FLOPS": 1, 
            "GPU_BLOCKS": 160, 
            "TIMESTAMP_DB": 1566787676.077566
         }
      }, 
      "gflops": {
         "data": [
            [
               "FP64 GFLOPs", 
               7660.96
            ]
         ], 
         "metadata": {
            "TIMESTAMP_DATA": 1566787636.63, 
            "GPU_THREADS": 512, 
            "FLOPS": 256, 
            "GPU_BLOCKS": 320, 
            "TIMESTAMP_DB": 1566787676.077334
         }
      }, 
      "metadata": {
         "ERT_VERSION": "1.1.0", 
         "HOSTNAME": [
            "gpu00.ftm.alcf.anl.gov", 
            [], 
            [
               "10.17.6.185"
            ]
         ], 
         "CONFIG": {
            "ERT_WORKING_SET_MIN": [
               "128"
            ], 
            "ERT_CFLAGS": [
               "-O3"
            ], 
            "ERT_CC": [
               "nvcc"
            ], 
            "ERT_BLOCKS_THREADS": [
               "163840"
            ], 
            "ERT_FLOPS": [
               "1,256"
            ], 
            "ERT_HIP": [
               false
            ], 
            "ERT_RESULTS": [
               "Results.corigpu-cuda-fp64.01"
            ], 
            "ERT_MEMORY_MAX": [
               "1073741824"
            ], 
            "ERT_LDFLAGS": [], 
            "ERT_LDLIBS": [], 
            "ERT_RUN": [
               "./ERT_CODE"
            ], 
            "ERT_OCL": [
               false
            ], 
            "ERT_GPU_THREADS": [
               "1024,512"
            ], 
            "ERT_MPI": [
               false
            ], 
            "ERT_TRIALS_MIN": [
               "1"
            ], 
            "ERT_DRIVER": [
               "driver1"
            ], 
            "ERT_GPU_LDFLAGS": [], 
            "ERT_OPENMP": [
               false
            ], 
            "ERT_GPU_CFLAGS": [
               "-x", 
               "cu", 
               "-arch=sm_70"
            ], 
            "ERT_KERNEL": [
               "kernel1"
            ], 
            "ERT_PRECISION": [
               "FP64"
            ], 
            "ERT_LD": [
               "nvcc"
            ], 
            "ERT_NUM_EXPERIMENTS": [
               "1"
            ], 
            "ERT_GPU": [
               "True"
            ], 
            "ERT_ALIGN": [
               "32"
            ], 
            "ERT_GNUPLOT": [
               "gnuplot"
            ], 
            "ERT_GPU_BLOCKS": [
               "160,320"
            ]
         }, 
         "UNAME": [
            "Linux", 
            "gpu00.ftm.alcf.anl.gov", 
            "3.10.0-862.14.4.el7.x86_64", 
            "#1 SMP Fri Sep 21 09:07:21 UTC 2018", 
            "x86_64", 
            "x86_64"
         ]
      }
   }, 
   "spec": {
      "gbytes": {
         "data": []
      }, 
      "gflops": {
         "data": []
      }
   }
}