{
   "empirical": {
      "gbytes": {
         "data": [
            [
               "L1", 
               11899.12
            ], 
            [
               "L2", 
               4591.56
            ], 
            [
               "DRAM", 
               213.43
            ]
         ], 
         "metadata": {
            "TIMESTAMP_DATA": [
               1566836294.7, 
               1566836292.69, 
               1566836296.71, 
               1566836288.67, 
               1566836290.68
            ], 
            "FLOPS": 4, 
            "TIMESTAMP_DB": 1566837008.465471
         }
      }, 
      "gflops": {
         "data": [
            [
               "FP64 GFLOPs", 
               3715.6
            ]
         ], 
         "metadata": {
            "TIMESTAMP_DATA": [
               1566836329.69, 
               1566836325.66, 
               1566836323.64, 
               1566836331.69, 
               1566836327.67
            ], 
            "FLOPS": 8, 
            "TIMESTAMP_DB": 1566837008.465096
         }
      }, 
      "metadata": {
         "ERT_VERSION": "1.1.0", 
         "HOSTNAME": [
            "skylake07.ftm.alcf.anl.gov", 
            [], 
            [
               "10.17.6.144"
            ]
         ], 
         "OPENMP_THREADS": 8, 
         "UNAME": [
            "Linux", 
            "skylake07.ftm.alcf.anl.gov", 
            "3.10.0-862.14.4.el7.x86_64", 
            "#1 SMP Fri Sep 21 09:07:21 UTC 2018", 
            "x86_64", 
            "x86_64"
         ], 
         "CONFIG": {
            "ERT_WORKING_SET_MIN": [
               "128"
            ], 
            "ERT_CFLAGS": [
               "-O3", 
               "-fno-alias", 
               "-fno-fnalias", 
               "-xCore-AVX512", 
               "-qopt-zmm-usage=high", 
               "-DERT_INTEL"
            ], 
            "ERT_CC": [
               "mpiicc"
            ], 
            "ERT_HIP": [
               false
            ], 
            "ERT_MPI_CFLAGS": [
               "-I", 
               "/packages/intel/18/linux/mpi/intel64/include/"
            ], 
            "ERT_MPI_LDFLAGS": [
               "-L", 
               "/packages/intel/18/linux/mpi/intel64/lib", 
               "-lmpi"
            ], 
            "ERT_MEMORY_MAX": [
               "1073741824"
            ], 
            "ERT_PROCS_THREADS": [
               "112"
            ], 
            "ERT_LDFLAGS": [], 
            "ERT_LDLIBS": [], 
            "ERT_RUN": [
               "export", 
               "OMP_NUM_THREADS=ERT_OPENMP_THREADS;", 
               "export", 
               "OMP_PROC_BIND=spread;", 
               "export", 
               "OMP_PLACES=threads;", 
               "mpirun", 
               "-np", 
               "ERT_MPI_PROCS", 
               "ERT_CODE"
            ], 
            "ERT_OCL": [
               false
            ], 
            "ERT_FLOPS": [
               "1,2,4,8,16,64,128,256,512,1024"
            ], 
            "ERT_OPENMP_CFLAGS": [
               "-qopenmp"
            ], 
            "ERT_MPI": [
               "True"
            ], 
            "ERT_TRIALS_MIN": [
               "1"
            ], 
            "ERT_DRIVER": [
               "driver1"
            ], 
            "ERT_RESULTS": [
               "Results.skylake"
            ], 
            "ERT_OPENMP": [
               "True"
            ], 
            "ERT_MPI_PROCS": [
               "14,28,56"
            ], 
            "ERT_KERNEL": [
               "kernel1"
            ], 
            "ERT_PRECISION": [
               "FP64"
            ], 
            "ERT_OPENMP_THREADS": [
               "1-112"
            ], 
            "ERT_LD": [
               "mpiicc"
            ], 
            "ERT_NUM_EXPERIMENTS": [
               "5"
            ], 
            "ERT_OPENMP_LDFLAGS": [
               "-qopenmp"
            ], 
            "ERT_GPU": [
               false
            ], 
            "ERT_ALIGN": [
               "64"
            ], 
            "ERT_GNUPLOT": [
               "gnuplot"
            ]
         }, 
         "MPI_PROCS": 14
      }
   }, 
   "spec": {
      "gbytes": {
         "data": []
      }, 
      "gflops": {
         "data": []
      }
   }
}