{
   "empirical": {
      "gbytes": {
         "data": [
            [
               "L1", 
               304.73
            ], 
            [
               "L2", 
               68.99
            ], 
            [
               "DRAM", 
               25.82
            ]
         ], 
         "metadata": {
            "TIMESTAMP_DATA": 1569096497.32, 
            "FLOPS": 1, 
            "TIMESTAMP_DB": 1569098036.257624
         }
      }, 
      "gflops": {
         "data": [
            [
               "FP64 GFLOPs", 
               299.46
            ]
         ], 
         "metadata": {
            "TIMESTAMP_DATA": 1569097541.57, 
            "FLOPS": 512, 
            "TIMESTAMP_DB": 1569098036.257426
         }
      }, 
      "metadata": {
         "ERT_VERSION": "1.1.0", 
         "HOSTNAME": [
            "iris08.ftm.alcf.anl.gov", 
            [], 
            [
               "10.17.6.158"
            ]
         ], 
         "LOCAL_SIZE": 128, 
         "UNAME": [
            "Linux", 
            "iris08.ftm.alcf.anl.gov", 
            "4.20.3-1.el7.elrepo.x86_64", 
            "#1 SMP Wed Jan 16 19:37:14 EST 2019", 
            "x86_64", 
            "x86_64"
         ], 
         "GLOBAL_SIZE": 16128, 
         "CONFIG": {
            "ERT_WORKING_SET_MIN": [
               "128"
            ], 
            "ERT_CFLAGS": [
               "-O3", 
               "-x", 
               "c++", 
               "-std=c++11", 
               "-Wno-deprecated-declarations", 
               "-Wno-ignored-attributes"
            ], 
            "ERT_CC": [
               "g++"
            ], 
            "ERT_WSS_MULT": [
               1.1
            ], 
            "ERT_HIP": [
               false
            ], 
            "ERT_MEMORY_MAX": [
               "2737418240"
            ], 
            "ERT_LDFLAGS": [], 
            "ERT_LDLIBS": [
               "-lOpenCL"
            ], 
            "ERT_RUN": [
               "./ERT_CODE"
            ], 
            "ERT_OCL": [
               "True"
            ], 
            "ERT_OCL_SIZES": [
               "16128:128"
            ], 
            "ERT_FLOPS": [
               "1,2,4,8,16,32,64,128,256,512"
            ], 
            "ERT_MPI": [
               false
            ], 
            "ERT_TRIALS_MIN": [
               "1"
            ], 
            "ERT_DRIVER": [
               "driver1"
            ], 
            "ERT_RESULTS": [
               "Results.fp64.new_version"
            ], 
            "ERT_PRECISION": [
               "FP64"
            ], 
            "ERT_KERNEL": [
               "kernel1.cl"
            ], 
            "#,16128:128,16128:64,16128:32,32256:256,32256:128,32256:64,32256:32": [], 
            "ERT_OPENMP": [
               false
            ], 
            "ERT_LD": [
               "g++"
            ], 
            "ERT_NUM_EXPERIMENTS": [
               "1"
            ], 
            "ERT_GPU": [
               false
            ], 
            "ERT_ALIGN": [
               "256"
            ], 
            "ERT_GNUPLOT": [
               "gnuplot"
            ]
         }
      }
   }, 
   "spec": {
      "gbytes": {
         "data": []
      }, 
      "gflops": {
         "data": []
      }
   }
}