{
   "empirical": {
      "gbytes": {
         "data": [
            [
               "L1", 
               270.4
            ], 
            [
               "L2", 
               69.39
            ], 
            [
               "DRAM", 
               25.6
            ]
         ], 
         "metadata": {
            "TIMESTAMP_DATA": 1569098498.23, 
            "HOSTNAME": [
               "iris08.ftm.alcf.anl.gov", 
               [], 
               [
                  "10.17.6.158"
               ]
            ], 
            "FLOPS": 2, 
            "TIMESTAMP_DB": 1569099936.895062, 
            "UNAME": [
               "Linux", 
               "iris08.ftm.alcf.anl.gov", 
               "4.20.3-1.el7.elrepo.x86_64", 
               "#1 SMP Wed Jan 16 19:37:14 EST 2019", 
               "x86_64", 
               "x86_64"
            ]
         }
      }, 
      "gflops": {
         "data": [
            [
               "FP32 GFLOPs", 
               1186.2
            ]
         ], 
         "metadata": {
            "TIMESTAMP_DATA": 1569099554.57, 
            "HOSTNAME": [
               "iris09.ftm.alcf.anl.gov", 
               [], 
               [
                  "10.17.6.159"
               ]
            ], 
            "FLOPS": 512, 
            "TIMESTAMP_DB": 1569099936.89486, 
            "UNAME": [
               "Linux", 
               "iris09.ftm.alcf.anl.gov", 
               "4.20.3-1.el7.elrepo.x86_64", 
               "#1 SMP Wed Jan 16 19:37:14 EST 2019", 
               "x86_64", 
               "x86_64"
            ]
         }
      }, 
      "metadata": {
         "GLOBAL_SIZE": 16128, 
         "ERT_VERSION": "1.1.0", 
         "CONFIG": {
            "ERT_WORKING_SET_MIN": [
               "128"
            ], 
            "ERT_CFLAGS": [
               "-O3", 
               "-x", 
               "c++", 
               "-std=c++11", 
               "-Wno-deprecated-declarations", 
               "-Wno-ignored-attributes"
            ], 
            "ERT_CC": [
               "g++"
            ], 
            "ERT_WSS_MULT": [
               1.1
            ], 
            "ERT_HIP": [
               false
            ], 
            "ERT_MEMORY_MAX": [
               "2737418240"
            ], 
            "ERT_LDFLAGS": [], 
            "ERT_LDLIBS": [
               "-lOpenCL"
            ], 
            "ERT_RUN": [
               "./ERT_CODE"
            ], 
            "ERT_OCL": [
               "True"
            ], 
            "ERT_OCL_SIZES": [
               "16128:128"
            ], 
            "ERT_FLOPS": [
               "1,2,4,8,16,32,64,128,256,512"
            ], 
            "ERT_MPI": [
               false
            ], 
            "ERT_TRIALS_MIN": [
               "1"
            ], 
            "ERT_DRIVER": [
               "driver1"
            ], 
            "ERT_RESULTS": [
               "Results.fp32.new_version"
            ], 
            "ERT_PRECISION": [
               "FP32"
            ], 
            "ERT_KERNEL": [
               "kernel1.cl"
            ], 
            "#,16128:128,16128:64,16128:32,32256:256,32256:128,32256:64,32256:32": [], 
            "ERT_OPENMP": [
               false
            ], 
            "ERT_LD": [
               "g++"
            ], 
            "ERT_NUM_EXPERIMENTS": [
               "1"
            ], 
            "ERT_GPU": [
               false
            ], 
            "ERT_ALIGN": [
               "256"
            ], 
            "ERT_GNUPLOT": [
               "gnuplot"
            ]
         }, 
         "LOCAL_SIZE": 128
      }
   }, 
   "spec": {
      "gbytes": {
         "data": []
      }, 
      "gflops": {
         "data": []
      }
   }
}